train_number,PF 1,PF 2,PF 3,PF 4,PF 5,PF 6,PF 7,PF 8,PF 9,total_occurrences,dominant_platform,dominant_count,stability_percent
07020,0,0,0,0,1,0,0,0,0,1,PF 5,1,100.0
07033,0,0,0,0,1,0,0,0,0,1,PF 5,1,100.0
07055,0,1,0,0,0,0,0,0,0,1,PF 2,1,100.0
07075,0,0,0,0,0,0,1,0,0,1,PF 7,1,100.0
07076,0,1,0,0,0,0,0,0,0,1,PF 2,1,100.0
07078,0,1,0,0,0,0,0,0,0,1,PF 2,1,100.0
07119,1,0,0,0,0,0,0,0,0,1,PF 1,1,100.0
07166,0,0,0,0,0,0,1,0,0,1,PF 7,1,100.0
07194,0,0,0,0,0,0,0,0,1,1,PF 9,1,100.0
07230,0,0,0,0,0,0,0,1,0,1,PF 8,1,100.0
07357,0,0,0,1,0,0,0,0,0,1,PF 4,1,100.0
07482,0,0,0,0,0,0,1,0,0,1,PF 7,1,100.0
07609,0,0,0,0,0,0,0,1,0,1,PF 8,1,100.0
07619,0,0,0,0,1,0,0,0,0,1,PF 5,1,100.0
07690,0,0,0,0,1,0,0,0,0,1,PF 5,1,100.0
08261,0,1,0,0,0,0,0,0,0,1,PF 2,1,100.0
11019,1,0,0,0,0,0,0,0,0,1,PF 1,1,100.0
11020,0,0,0,0,0,0,0,0,0,1,PF 10,1,100.0
12213,0,1,0,0,0,0,0,0,0,1,PF 2,1,100.0
12214,0,0,1,0,0,0,0,0,0,1,PF 3,1,100.0
12219,0,0,0,0,1,0,0,0,0,1,PF 5,1,100.0
12220,0,0,1,0,0,0,0,0,0,1,PF 3,1,100.0
12286,0,0,0,0,1,0,0,0,0,1,PF 5,1,100.0
12437,0,1,0,0,0,0,0,0,0,1,PF 2,1,100.0
12438,0,0,0,0,0,0,0,0,1,1,PF 9,1,100.0
12591,0,1,0,0,0,0,0,0,0,1,PF 2,1,100.0
12703,0,1,0,0,0,0,0,0,0,1,PF 2,1,100.0
12704,0,1,0,0,0,0,0,0,0,1,PF 2,1,100.0
12705,0,0,0,0,0,0,0,1,0,1,PF 8,1,100.0
12706,0,0,0,1,0,0,0,0,0,1,PF 4,1,100.0
12709,0,0,0,0,1,0,0,0,0,1,PF 5,1,100.0
12710,0,0,0,0,0,0,0,0,0,1,PF 10,1,100.0
12713,0,0,0,0,0,0,0,1,0,1,PF 8,1,100.0
12714,0,0,0,0,0,0,0,1,0,1,PF 8,1,100.0
12719,0,0,0,0,0,0,0,0,0,1,PF 10,1,100.0
12720,0,0,0,0,0,0,0,0,0,1,PF 10,1,100.0
12721,1,0,0,0,0,0,0,0,0,1,PF 1,1,100.0
12722,0,0,0,0,0,0,0,0,0,1,PF 10,1,100.0
12723,1,0,0,0,0,0,0,0,0,1,PF 1,1,100.0
12724,0,0,0,0,0,0,0,0,0,1,PF 10,1,100.0
12727,0,0,0,0,0,0,1,0,0,1,PF 7,1,100.0
12728,1,0,0,0,0,0,0,0,0,1,PF 1,1,100.0
12731,0,0,0,0,0,1,0,0,0,1,PF 6,1,100.0
12733,0,1,0,0,0,0,0,0,0,1,PF 2,1,100.0
12734,0,1,0,0,0,0,0,0,0,1,PF 2,1,100.0
12735,0,0,1,1,0,0,0,0,0,2,PF 3,1,50.0
12736,0,0,1,0,0,0,0,0,0,1,PF 3,1,100.0
12737,0,0,0,0,0,0,1,0,0,1,PF 7,1,100.0
12738,1,0,0,0,0,0,0,0,0,1,PF 1,1,100.0
12739,0,0,0,1,0,0,0,0,0,1,PF 4,1,100.0
12740,1,0,0,0,0,0,0,0,0,1,PF 1,1,100.0
12745,0,0,1,0,0,0,0,0,0,1,PF 3,1,100.0
12746,0,0,0,0,1,0,0,0,0,1,PF 5,1,100.0
12747,1,0,0,0,0,0,0,0,0,1,PF 1,1,100.0
12748,0,1,0,0,0,0,0,0,0,1,PF 2,1,100.0
12749,0,0,0,0,0,1,0,0,0,1,PF 6,1,100.0
12750,1,0,0,0,0,0,0,0,0,1,PF 1,1,100.0
12755,0,0,0,1,0,0,0,0,0,1,PF 4,1,100.0
12756,0,1,0,0,0,0,0,0,0,1,PF 2,1,100.0
12757,1,0,0,0,0,0,0,0,0,1,PF 1,1,100.0
12758,0,0,0,0,0,0,0,0,1,1,PF 9,1,100.0
12759,0,0,0,0,0,0,0,1,0,1,PF 8,1,100.0
12760,1,0,0,0,0,0,0,0,0,1,PF 1,1,100.0
12769,0,0,0,0,0,0,0,0,1,1,PF 9,1,100.0
12770,0,0,0,0,0,0,1,0,0,1,PF 7,1,100.0
12772,0,0,0,0,1,0,0,0,0,1,PF 5,1,100.0
12773,0,0,0,0,0,0,1,0,0,1,PF 7,1,100.0
12775,0,1,0,0,0,0,0,0,0,1,PF 2,1,100.0
12776,0,1,0,0,0,0,0,0,0,1,PF 2,1,100.0
12783,0,0,0,0,0,0,1,0,0,1,PF 7,1,100.0
12784,0,1,0,0,0,0,0,0,0,1,PF 2,1,100.0
12791,0,0,0,0,0,0,0,1,0,1,PF 8,1,100.0
12792,0,0,0,0,0,1,0,0,0,1,PF 6,1,100.0
12793,0,0,0,0,0,0,1,0,0,1,PF 7,1,100.0
12794,0,0,0,0,0,0,0,0,1,1,PF 9,1,100.0
12795,0,0,0,0,0,0,1,0,0,1,PF 7,1,100.0
12796,1,0,0,0,0,0,0,0,0,1,PF 1,1,100.0
12805,0,0,0,0,0,0,0,0,0,1,PF 10,1,100.0
12806,0,1,0,0,0,0,0,0,0,1,PF 2,1,100.0
17001,0,0,0,0,0,0,1,0,0,1,PF 7,1,100.0
17002,0,0,0,0,0,0,1,0,0,1,PF 7,1,100.0
17005,0,1,0,0,0,0,0,0,0,1,PF 2,1,100.0
17006,0,0,0,0,0,0,1,0,0,1,PF 7,1,100.0
17011,0,1,0,0,0,0,0,0,0,1,PF 2,1,100.0
17012,0,0,1,0,0,0,0,0,0,1,PF 3,1,100.0
17013,1,0,0,0,0,0,0,0,0,1,PF 1,1,100.0
17014,0,0,0,1,0,0,0,0,0,1,PF 4,1,100.0
17015,0,1,0,0,0,0,0,0,0,1,PF 2,1,100.0
17016,1,0,0,0,0,0,0,0,0,1,PF 1,1,100.0
17020,0,0,0,0,0,0,0,0,0,1,PF 10,1,100.0
17021,0,0,0,0,0,0,0,0,1,1,PF 9,1,100.0
17027,0,0,0,1,0,0,0,0,0,1,PF 4,1,100.0
17028,0,0,0,0,0,0,0,1,0,1,PF 8,1,100.0
17039,0,0,0,0,0,0,1,0,0,1,PF 7,1,100.0
17040,0,0,0,0,0,0,0,1,0,1,PF 8,1,100.0
17057,0,0,0,0,0,0,1,0,0,1,PF 7,1,100.0
17201,1,0,0,0,0,0,0,0,0,1,PF 1,1,100.0
17202,0,0,0,0,0,0,0,0,1,1,PF 9,1,100.0
17206,0,0,0,0,0,0,1,0,0,1,PF 7,1,100.0
17207,0,1,0,0,0,0,0,0,0,1,PF 2,1,100.0
17208,0,0,0,0,0,0,1,0,0,1,PF 7,1,100.0
17221,0,0,0,0,0,1,0,0,0,1,PF 6,1,100.0
17222,1,0,0,0,0,0,0,0,0,1,PF 1,1,100.0
17231,0,0,0,0,0,0,0,1,0,1,PF 8,1,100.0
17232,0,0,0,0,0,0,0,0,0,1,PF 10,1,100.0
17233,1,0,0,0,0,0,0,0,0,1,PF 1,1,100.0
17234,0,0,0,0,0,0,0,0,1,1,PF 9,1,100.0
17253,0,0,1,0,0,0,0,0,0,1,PF 3,1,100.0
17254,0,0,0,0,0,0,0,0,0,1,PF 10,1,100.0
17255,0,1,0,0,0,0,0,0,0,1,PF 2,1,100.0
17256,1,0,0,0,0,0,0,0,0,1,PF 1,1,100.0
17321,0,1,0,0,0,0,0,0,0,1,PF 2,1,100.0
17322,0,0,0,0,0,0,1,0,0,1,PF 7,1,100.0
17417,0,0,0,0,0,0,0,1,0,1,PF 8,1,100.0
17418,0,0,0,0,1,0,0,0,0,1,PF 5,1,100.0
17626,0,0,1,0,0,0,0,0,0,1,PF 3,1,100.0
17645,0,0,0,0,1,1,1,0,0,3,PF 5,1,33.33
17646,0,0,1,0,0,0,0,0,0,1,PF 3,1,100.0
17659,0,0,1,0,0,0,0,0,0,1,PF 3,1,100.0
17660,0,0,1,0,0,0,0,0,0,1,PF 3,1,100.0
17663,0,0,0,0,0,0,0,1,0,1,PF 8,1,100.0
17664,0,0,0,0,0,0,1,0,0,1,PF 7,1,100.0
18111,0,0,0,0,0,0,0,1,0,1,PF 8,1,100.0
18519,0,0,0,0,0,0,0,0,0,1,PF 10,1,100.0
18520,0,1,0,0,0,0,0,0,0,1,PF 2,1,100.0
20629,0,0,0,0,0,1,0,0,0,1,PF 6,1,100.0
20630,0,0,0,0,0,1,0,0,0,1,PF 6,1,100.0
20967,0,0,0,0,0,0,0,0,1,1,PF 9,1,100.0
20968,0,0,0,0,0,0,0,0,1,1,PF 9,1,100.0
22203,0,0,1,0,0,0,0,0,0,1,PF 3,1,100.0
22204,0,0,1,0,0,0,0,0,0,1,PF 3,1,100.0
22533,0,1,0,0,0,0,0,0,0,1,PF 2,1,100.0
22534,0,0,0,0,1,0,0,0,0,1,PF 5,1,100.0
22691,1,0,0,0,0,0,0,0,0,1,PF 1,1,100.0
22692,0,0,0,0,0,0,0,0,0,1,PF 10,1,100.0
22705,0,1,0,0,0,0,0,0,0,1,PF 2,1,100.0
22706,0,0,0,0,0,0,0,0,0,1,PF 10,1,100.0
22717,0,0,0,0,0,0,1,0,0,1,PF 7,1,100.0
22718,0,0,0,1,0,0,0,0,0,1,PF 4,1,100.0
22737,0,1,0,0,0,0,0,0,0,1,PF 2,1,100.0
22849,0,0,0,0,0,1,0,0,0,1,PF 6,1,100.0
22881,0,0,0,0,0,0,1,0,0,1,PF 7,1,100.0
22882,0,0,0,0,0,0,0,0,0,2,PF 10,2,100.0
47151,0,0,0,1,0,0,0,0,0,1,PF 4,1,100.0
47153,0,0,0,0,0,0,0,0,0,1,PF 10,1,100.0
47154,0,0,0,0,0,0,0,0,0,1,PF 10,1,100.0
47155,0,0,0,0,0,0,0,0,0,1,PF 10,1,100.0
47159,0,0,0,1,0,0,0,0,0,1,PF 4,1,100.0
47160,0,0,0,0,0,0,0,0,0,1,PF 10,1,100.0
47163,0,0,0,0,0,0,0,0,0,1,PF 10,1,100.0
47165,0,0,0,0,0,0,0,0,0,1,PF 10,1,100.0
47166,0,0,0,0,0,0,0,0,0,1,PF 10,1,100.0
47167,0,0,0,0,0,0,0,0,0,1,PF 10,1,100.0
47173,0,0,0,0,0,0,0,1,0,1,PF 8,1,100.0
47175,0,0,0,1,0,0,0,0,0,1,PF 4,1,100.0
47177,0,0,0,1,0,0,0,0,0,1,PF 4,1,100.0
47178,0,0,0,1,0,0,0,1,0,2,PF 4,1,50.0
47184,0,0,0,1,0,0,0,0,0,1,PF 4,1,100.0
47188,0,0,0,1,0,0,0,0,0,1,PF 4,1,100.0
47192,0,0,0,1,0,0,0,0,0,1,PF 4,1,100.0
47193,0,0,0,1,0,0,0,0,0,1,PF 4,1,100.0
47194,0,0,0,1,0,0,0,0,0,1,PF 4,1,100.0
47201,0,0,0,0,0,0,0,0,0,1,PF 10,1,100.0
47206,0,0,0,1,0,0,0,0,0,1,PF 4,1,100.0
47207,0,0,0,0,0,0,0,0,0,1,PF 10,1,100.0
47211,0,0,0,0,0,0,0,0,0,1,PF 10,1,100.0
47212,0,0,0,1,0,0,0,0,0,1,PF 4,1,100.0
47213,0,0,0,0,0,1,0,0,0,1,PF 6,1,100.0
47217,0,0,0,1,0,0,0,0,0,1,PF 4,1,100.0
47218,0,0,0,1,0,0,0,0,0,1,PF 4,1,100.0
47220,0,0,0,0,0,0,0,0,0,1,PF 10,1,100.0
47222,0,0,0,0,0,0,0,0,0,1,PF 10,1,100.0
47226,0,0,0,0,0,0,0,0,0,1,PF 10,1,100.0
47227,0,0,0,1,0,0,0,0,0,1,PF 4,1,100.0
47228,0,0,0,0,0,0,1,0,0,1,PF 7,1,100.0
47229,0,0,0,0,0,0,1,0,0,1,PF 7,1,100.0
47233,0,0,0,0,0,0,0,1,0,1,PF 8,1,100.0
57601,0,0,0,0,0,0,0,0,0,1,PF 10,1,100.0
57602,0,0,0,0,1,0,0,0,0,1,PF 5,1,100.0
57606,0,0,0,1,0,0,0,0,0,1,PF 4,1,100.0
67759,0,0,1,0,0,0,0,0,0,1,PF 3,1,100.0
67762,0,0,0,0,1,0,0,0,0,1,PF 5,1,100.0
67763,0,0,0,0,1,0,0,0,0,1,PF 5,1,100.0
67764,1,0,0,0,0,0,0,0,0,1,PF 1,1,100.0
